{
  "events": [
    {
      "name": "avatarSDK_rootAngleCorrection",
      "type": "float"
    },
    {
      "name": "avatarSDK_rootTranslationCorrection",
      "type": "vec3"
    },
    {
      "name": "avatarSDK_rootScaleCorrection",
      "type": "vec3"
    },
    {
      "name": "avatarSDK_leftArmBlendFactor",
      "type": "float"
    },
    {
      "name": "avatarSDK_rightArmBlendFactor",
      "type": "float"
    },
    {
      "name": "avatarSDK_enableLeftAnkleOverride",
      "type": "bool"
    },
    {
      "name": "avatarSDK_leftAnkleOverrideBlendFactor",
      "type": "float"
    },
    {
      "name": "avatarSDK_leftAnklePositionOverride",
      "type": "vec3"
    },
    {
      "name": "avatarSDK_leftAnkleRotationOverride",
      "type": "quat"
    },
    {
      "name": "avatarSDK_enableRightAnkleOverride",
      "type": "bool"
    },
    {
      "name": "avatarSDK_rightAnkleOverrideBlendFactor",
      "type": "float"
    },
    {
      "name": "avatarSDK_rightAnklePositionOverride",
      "type": "vec3"
    },
    {
      "name": "avatarSDK_rightAnkleRotationOverride",
      "type": "quat"
    },
    {
      "name": "avatarSDK_enableLocalAnimationPlayback",
      "type": "bool"
    }
  ]
}
